sno.,quote,author
0,"Don't cry because it's over, smile because it happened.",Dr. Seuss
1,You can cut all the flowers but you cannot keep Spring from coming.,Pablo Neruda
2,Two things are infinite: the universe and human stupidity; and I'm not sure about the universe.,Albert Einstein
3,"Blessed is he who expects nothing, for he shall never be disappointed.",Alexander Pope
4,You know you're in love when you can't fall asleep because reality is finally better than your dreams.,Dr. Seuss
5,"You only live once, but if you do it right, once is enough.",Mae West
6,"So many books, so little time.",Frank Zappa
7,A room without books is like a body without a soul.,Marcus Tullius Cicero
8,Be the change that you wish to see in the world.,Mahatma Gandhi
9,In three words I can sum up everything I've learned about life: it goes on.,Robert Frost
10,"If you tell the truth, you don't have to remember anything.",Mark Twain
11,A friend is someone who knows all about you and still loves you.,Elbert Hubbard
12,Always forgive your enemies; nothing annoys them so much.,Oscar Wilde
13,Live as if you were to die tomorrow. Learn as if you were to live forever.,Mahatma Gandhi
14,"I've learned that people will forget what you said, people will forget what you did, but people will never forget how you made them feel.",Maya Angelou
15,I am so clever that sometimes I don't understand a single word of what I am saying.,"Oscar Wilde,"
16,Darkness cannot drive out darkness: only light can do that. Hate cannot drive out hate: only love can do that.,"Martin Luther King Jr.,"
17,"To live is the rarest thing in the world. Most people exist, that is all.",Oscar Wilde
18,To be yourself in a world that is constantly trying to make you something else is the greatest accomplishment.,Ralph Waldo Emerson
19,"Outside of a dog, a book is man's best friend. Inside of a dog it's too dark to read.","Groucho Marx,"
20,"A day without sunshine is like, you know, night.",Steve Martin
21,I'm not afraid of death; I just don't want to be there when it happens.,Woody Allen
22,The difference between genius and stupidity is: genius has its limits.,Alexandre Dumas fils
23,I love mankind ... it's people I can't stand!!,"Charles M. Schulz,"
24,I am free of all prejudice. I hate everyone equally.,W.C. Fields
25,Go to heaven for the climate and hell for the company.,Benjamin Franklin Wade
26,A lie can travel half way around the world while the truth is putting on its shoes.,Mark Twain
27,Never tell the truth to people who are not worthy of it.,Mark Twain
28,"The truth will set you free, but first it will piss you off.","Joe Klaas,"
29,Facts do not cease to exist because they are ignored.,"Aldous Huxley,"
30,"Truth is stranger than fiction, but it is because Fiction is obliged to stick to possibilities; Truth isn't.","Mark Twain,"
31,Be yourself; everyone else is already taken.,Oscar Wilde
32,There are only two ways to live your life. One is as though nothing is a miracle. The other is as though everything is a miracle.,Albert Einstein
33,"Do what you can, with what you have, where you are.",Theodore Roosevelt
34,Everything you can imagine is real.,Pablo Picasso
35,It is never too late to be what you might have been.,George Eliot
36,There is no greater agony than bearing an untold story inside you.,"Maya Angelou,"
37,Life isn't about finding yourself. Life is about creating yourself.,George Bernard Shaw
38,"Success is not final, failure is not fatal: it is the courage to continue that counts.",Winston S. Churchill
39,"You may say I'm a dreamer, but I'm not the only one. I hope someday you'll join us. And the world will live as one.",John Lennon
40,"If you were half as funny as you think you are, you'd be twice as funny as you really are.","H.N. Turteltaub,"
41,It's not true that I had nothing on. I had the radio on.,Marilyn Monroe
42,Never go to bed mad. Stay up and fight.,Phyllis Diller
43,The planet is fine. The people are fucked.,George Carlin
44,"A person's a person, no matter how small.","Dr. Seuss,"
45,"And, when you want something, all the universe conspires in helping you to achieve it.","Paulo Coelho,"
46,"What you're supposed to do when you don't like a thing is change it. If you can't change it, change the way you think about it. Don't complain.","Maya Angelou,"
47,Well-behaved women seldom make history.,"Laurel Thatcher Ulrich,"
48,It's the possibility of having a dream come true that makes life interesting.,"Paulo Coelho,"
49,"Nothing is impossible, the word itself says 'I'm possible'!",Audrey Hepburn
50,Do what you feel in your heart to be right  for youll be criticized anyway.,Eleanor Roosevelt
51,Peace begins with a smile..,Mother Teresa
52,"Its no use going back to yesterday, because I was a different person then.","Lewis Carroll,"
53,"Two wrongs don't make a right, but they make a good excuse.",Thomas Szasz
54,Happiness is not something ready made. It comes from your own actions.,Dalai Lama XIV
55,"Whatever you are, be a good one.",Abraham Lincoln
56,First they ignore you. Then they ridicule you. And then they attack you and want to burn you. And then they build monuments to you.,Nicholas Klein
57,Always do what you are afraid to do.,Ralph Waldo Emerson
58,Our lives begin to end the day we become silent about things that matter.,"Martin Luther King Jr.,"
59,"I can be changed by what happens to me. But I refuse to be reduced by it.(Popular misquote of ""You may not control all the events that happen to you, but you can decide not to be reduced by them."")","Maya Angelou,"
60,None but ourselves can free our minds.,Bob Marley
61,Turn your wounds into wisdom.,Oprah Winfrey
62,It's kind of fun to do the impossible.,Walt Disney Company
63,Don't judge each day by the harvest you reap but by the seeds that you plant.,Robert Louis Stevenson
64,"Once you can accept the universe as matter expanding into nothing that is something, wearing stripes with plaid comes easy.",Albert Einstein
65,Don't be so humble - you are not that great.,Golda Meir
66,"In the end, we will remember not the words of our enemies, but the silence of our friends.",Martin Luther King Jr.
67,Pain is inevitable. Suffering is optional.,"Haruki Murakami,"
68,I love to see a young girl go out and grab the world by the lapels. Life's a bitch. You've got to go out and kick ass.,Maya Angelou
69,All the darkness in the world cannot extinguish the light of a single candle.,"Francis of Assisi,"
70,Never let your sense of morals prevent you from doing what is right.,"Isaac Asimov,"
71,"One love, one heart, one destiny.",Bob Marley
72,Pain is temporary. Quitting lasts forever.,"Lance Armstrong,"
73,You never fail until you stop trying.,Albert Einstein
74,"Good friends, good books, and a sleepy conscience: this is the ideal life.",Mark Twain
75,"It is not a lack of love, but a lack of friendship that makes unhappy marriages.",Friedrich Nietzsche
76,It's the friends you can call up at 4 a.m. that matter.,Marlene Dietrich
77,"Life is an awful, ugly place to not have a best friend.","Sarah Dessen,"
78,"I would rather walk with a friend in the dark, than alone in the light.",Helen Keller
79,Try not to become a man of success. Rather become a man of value.,Albert Einstein
80,It is better to fail in originality than to succeed in imitation.,Herman Melville
81,Failure is the condiment that gives success its flavor.,Truman Capote
82,Have no fear of perfection - you'll never reach it.,Salvador Dal
83,"Don't spend time beating on a wall, hoping to transform it into a door.",Coco Chanel
84,"Our greatest glory is not in never falling, but in rising every time we fall.","Oliver Goldsmith,"
85,Success is most often achieved by those who don't know that failure is inevitable.,"Coco Chanel,"
86,Only those who dare to fail greatly can ever achieve greatly.,Robert F. Kennedy
87,"I would venture to guess that Anon, who wrote so many poems without signing them, was often a woman.",Virginia Woolf
88,Being a woman is a terribly difficult trade since it consists principally of dealings with men.,"Joseph Conrad,"
89,I would always rather be happy than dignified.,"Charlotte Bront,"
90,A girl should be two things: classy and fabulous.,Coco Chanel
91,Do one thing every day that scares you.,Eleanor Roosevelt
92,What's meant to be will always find a way,Trisha Yearwood
93,The flower that blooms in adversity is the rarest and most beautiful of all.,"Walt Disney Company,"
94,You never have to change anything you got up in the middle of the night to write.,Saul Bellow
95,"Ignore those that make you fearful and sad, that degrade you back towards disease and death.",Jalaluddin Rumi
96,You can't wait for inspiration. You have to go after it with a club.,Jack London
97,"If you win, you need not have to explain...If you lose, you should not be there to explain!",Adolf Hitler
98,It's hard to beat a person who never gives up.,Babe Ruth
99,"When all is said and done, more is said than done.",Lou Holtz
100,All the effort in the world won't matter if you're not inspired.,"Chuck Palahniuk,"
101,"It is hard to fail, but it is worse never to have tried to succeed.",Theodore Roosevelt
102,We are all failures- at least the best of us are.,J.M. Barrie
103,"When you do what you fear most, then you can do anything.",Stephen Richards
104,"Whatever the mind can conceive and believe, it can achieve.","Napoleon Hill,"
105,The biggest challenge after success is shutting up about it.,Criss Jami
106,"I'm tough, I'm ambitious, and I know exactly what I want. If that makes me a bitch, okay.",Madonna
107,"In order to succeed, your desire for success should be greater than your fear of failure.",Bill Cosby
108,"I like the night. Without the dark, we'd never see the stars.","Stephenie Meyer,"
109,Life's under no obligation to give us what we expect.,Margaret Mitchell
110,Do I not destroy my enemies when I make them my friends?,Abraham Lincoln
111,A Penny Saved is a Penny Earned,Benjamin Franklin
112,"Keep your best wishes, close to your heart and watch what happens","Tony DeLiso,"
113,"While money can't buy happiness, it certainly lets you choose your own form of misery.",Groucho Marx
114,The hardest thing in the world to understand is the income tax.,Albert Einstein
115,"You can be young without money, but you can't be old without it.",Tennessee Williams
116,The worst part of success is trying to find someone who is happy for you.,Bette Midler
117,Resentment is like drinking poison and waiting for the other person to die.,Carrie Fisher
118,"I'm a greater believer in luck, and I find the harder I work the more I have of it",Thomas Jefferson
119,There are no shortcuts to any place worth going.,Beverly Sills
120,The difference between ordinary and extraordinary is that little extra.,Jimmy Johnson
121,"My opinions may have changed, but not the fact that I'm right.",Ashleigh Brilliant
122,Sometimes there's not a better way. Sometimes there's only the hard way.,"Mary E. Pearson,"
123,Money isn't everything...but it ranks right up there with oxygen.,Rita Davenport
124,Don't wish it were easier. Wish you were better.,Jim Rohn
125,"Money may not buy happiness, but I'd rather cry in a Jaguar than on a bus.",Franoise Sagan
126,The two most beautiful words in the English language are 'cheque enclosed.,Dorothy Parker
127,No one ever drowned in sweat.,U.S. Marine Corps
128,Ideas do not work..It is YOU who has to do the work....,"Manoj Arora,"
129,No one can make you feel inferior without your consent.,"Eleanor Roosevelt,"
130,"Insanity is doing the same thing, over and over again, but expecting different results.",Narcotics Anonymous
131,"Without music, life would be a mistake.","Friedrich Nietzsche,"
132,It is better to be hated for what you are than to be loved for what you are not.,"Andr Gide,"
133,Life is what happens to us while we are making other plans.,Allen Saunders
134,We accept the love we think we deserve.,"Stephen Chbosky,"
135,If you don't stand for something you will fall for anything.,Gordon A. Eadie
136,"The fool doth think he is wise, but the wise man knows himself to be a fool.","William Shakespeare,"
137,The man who does not read has no advantage over the man who cannot read.,Mark Twain
138,"I have not failed. I've just found 10,000 ways that won't work.",Thomas A. Edison
139,That which does not kill us makes us stronger.,Friedrich Nietzsche
140,"If you judge people, you have no time to love them.",Mother Teresa
141,It does not do to dwell on dreams and forget to live.,"J.K. Rowling,"
142,For every minute you are angry you lose sixty seconds of happiness.,Ralph Waldo Emerson
143,"Love all, trust a few, do wrong to none.","William Shakespeare,"
144,"Being deeply loved by someone gives you strength, while loving someone deeply gives you courage.",Lao Tzu
145,"If you can't explain it to a six year old, you don't understand it yourself.",Albert Einstein
146,"We don't see things as they are, we see them as we are.",Anas Nin
147,Sometimes the questions are complicated and the answers are simple.,Dr. Seuss
148,Not all of us can do great things. But we can do small things with great love.,Mother Teresa
149,"One good thing about music, when it hits you, you feel no pain.",Bob Marley
150,Logic will get you from A to Z; imagination will get you everywhere.,Albert Einstein
151,All you need is love. But a little chocolate now and then doesn't hurt.,Charles M. Schulz
152,"If you can make a woman laugh, you can make her do anything.",Marilyn Monroe
153,"Love is like the wind, you can't see it but you can feel it.","Nicholas Sparks,"
154,"The truth is, everyone is going to hurt you. You just got to find the ones worth suffering for.",Bob Marley
155,Time you enjoy wasting is not wasted time.,"Marthe Troly-Curtin,"
156,Folks are usually about as happy as they make their minds up to be.,Abraham Lincoln
157,"Life is like riding a bicycle. To keep your balance, you must keep moving.",Albert Einstein
158,The question isn't who is going to let me; it's who is going to stop me.,Ayn Rand
159,Anyone who has never made a mistake has never tried anything new.,Albert Einstein
160,I have never let my schooling interfere with my education.,Mark Twain
161,I know God won't give me anything I can't handle. I just wish he didn't trust me so much.,Anonymous
162,There is no friend as loyal as a book.,Ernest Hemingway
163,Tis better to have loved and lostThan never to have loved at all.,"Alfred Tennyson,"
164,A day without laughter is a day wasted.,Nicolas Chamfort
165,But better to get hurt by the truth than comforted with a lie.,Khaled Hosseini
166,Classic - a book which people praise and don't read.,Mark Twain
167,Be careful about reading health books. Some fine day you'll die of a misprint.,Markus Herz
168,Have you ever noticed how What the hell is always the right decision to make?,"Terry Johnson,"
169,The truth is rarely pure and never simple.,"Oscar Wilde,"
170,The only way out of the labyrinth of suffering is to forgive.,"John Green,"
171,An eye for an eye will only make the whole world blind.,Mahatma Gandhi
172,Knowing yourself is the beginning of all wisdom.,Aristotle
173,"If you don't know where you're going, any road'll take you there",George Harrison
174,The books that the world calls immoral are books that show the world its own shame.,"Oscar Wilde,"
175,"I can't give you a sure-fire formula for success, but I can give you a formula for failure: try to please everybody all the time.",Herbert Bayard Swope
176,"This lifes hard, but its harder if youre stupid.","George V. Higgins,"
177,You can never be overdressed or overeducated.,Oscar Wilde
178,The weak can never forgive. Forgiveness is the attribute of the strong.,"Mahatma Gandhi,"
179,Chance is perhaps the pseudonym of God when he does not want to sign.,Thophile Gautier
180,"Don't think or judge, just listen.","Sarah Dessen,"
181,"Count your age by friends, not years. Count your life by smiles, not tears.",John Lennon
182,"We're all human, aren't we? Every human life is worth the same, and worth saving.","J.K. Rowling,"
183,It takes ten times as long to put yourself back together as it does to fall apart.,"Suzanne Collins,"
184,You cannot find peace by avoiding life.,"Michael Cunningham,"
185,Destroying things is much easier than making them.,"Suzanne Collins,"
186,"Women are meant to be loved, not to be understood.","Oscar Wilde,"
187,How lucky I am to have known somebody and something that saying goodbye to is so damned awful.,"Evans G. Valens,"
188,A clever person solves a problem. A wise person avoids it.,Albert Einstein
189,"Be kind, for everyone you meet is fighting a harder battle.",Plato
190,"Reality is merely an illusion, albeit a very persistent one.",Albert Einstein
191,I don't want to go to heaven. None of my friends are there.,Oscar Wilde
192,It is sometimes an appropriate response to reality to go insane.,"Philip K. Dick,"
193,Do you hate people?I don't hate them...I just feel better when they're not around.,"Charles Bukowski,"
194,She was a girl who knew how to be happy even when she was sad. And thats importantyou know,Marilyn Monroe
195,There is only one thing that makes a dream impossible to achieve: the fear of failure.,"Paulo Coelho,"
196,"We are only as strong as we are united, as weak as we are divided.","J.K. Rowling,"
197,All we have to decide is what to do with the time that is given us.,"J.R.R. Tolkien,"
198,Never memorize something that you can look up.,Albert Einstein
199,"We have to dare to be ourselves, however frightening or strange that self may prove to be.",May Sarton
200,Dont go around saying the world owes you a living. The world owes you nothing. It was here first.,Mark Twain
201,Not all those who wander are lost.,"J.R.R. Tolkien,"
202,"This is a good sign, having a broken heart. It means we have tried for something.","Elizabeth Gilbert,"
203,Anyone who lives within their means suffers from a lack of imagination.,Oscar Wilde
204,Faith is taking the first step even when you can't see the whole staircase.,Martin Luther King Jr.
205,"If we knew what it was we were doing, it would not be called research, would it?",Albert Einstein
206,"I love sleep. My life has the tendency to fall apart when I'm awake, you know?",Ernest Hemingway
207,What a treacherous thing to believe that a person is more than a person.,"John Green,"
208,Get busy living or get busy dying.,"Stephen King,"
209,I generally avoid temptation unless I can't resist it.,Mae West
210,"When I have a little money, I buy books; and if I have any left, I buy food and clothes.",Erasmus
211,May you live every day of your life.,Jonathan Swift
212,With great power... comes great need to take a nap. Wake me up later.,"Rick Riordan,"
213,"All little girls should be told they are pretty, even if they aren't.",Marilyn Monroe
214,The world is not a wish-granting factory.,"John Green,"
215,Isn't it nice to think that tomorrow is a new day with no mistakes in it yet?,L.M. Montgomery
216,I have no special talents. I am only passionately curious.,Albert Einstein
217,Eating and reading are two pleasures that combine admirably.,C.S. Lewis
218,"When I look at my room, I see a girl who loves books.","John Green,"
219,"Let us read, and let us dance; these two amusements will never do any harm to the world.",Voltaire
220,Indifference and neglect often do much more damage than outright dislike.,"J.K. Rowling,"
221,I cannot live without books.,Thomas Jefferson
222,"Grief does not change you, Hazel. It reveals you.","John Green,"
223,"You have enemies? Good. That means you've stood up for something, sometime in your life.",Winston S. Churchill
224,Beneath the makeup and behind the smile I am just a girl who wishes for the world.,Marilyn Monroe
225,I am not young enough to know everything.,Oscar Wilde
226,The only thing worse than a boy who hates you: a boy that loves you.,"Markus Zusak,"
227,"If at first you don't succeed, try, try again. Then quit. No use being a damn fool about it.",W.C. Fields
228,"Every saint has a past, and every sinner has a future.",Oscar Wilde
229,Time flies like an arrow; fruit flies like a banana.,Anthony G. Oettinger
230,"The nicest thing for me is sleep, then at least I can dream.",Marilyn Monroe
231,Happiness is a warm puppy.,Charles M. Schulz
232,"I don't know the question, but sex is definitely the answer.",Woody Allen
233,Think of all the beauty still left around you and be happy.,Anne Frank
234,The most important thing is to enjoy your lifeto be happyit's all that matters.,Audrey Hepburn
235,Books may well be the only true magic.,Alice Hoffman
236,The heart was made to be broken.,Oscar Wilde
237,"I would challenge you to a battle of wits, but I see you are unarmed!",William Shakespeare
238,Laughter is timeless. Imagination has no age. And dreams are forever.,Walt Disney Company
239,"As usual, there is a great woman behind every idiot.",John Lennon
240,The most courageous act is still to think for yourself. Aloud.,Coco Chanel
241,Either write something worth reading or do something worth writing.,Benjamin Franklin
242,Man is the only creature who refuses to be what he is.,Albert Camus
243,"Life is pain, highness. Anyone who says differently is selling something.","William Goldman,"
244,Never love anyone who treats you like you're ordinary.,Oscar Wilde
245,"People never learn anything by being told, they have to find out for themselves.","Paulo Coelho,"
246,"We learn from failure, not from success!","Bram Stoker,"
247,"Good judgment comes from experience, and experience comes from bad judgment.","Rita Mae Brown,"
248,Nothing ever becomes real 'til it is experienced.,John Keats
249,You can't be brave if you've only had wonderful things happen to you.,Mary Tyler Moore
250,By seeking and blundering we learn.,Johann Wolfgang von Goethe
251,I think the highest and lowest points are the important ones. Anything else is just...in between.,Jim Morrison
252,"Never regret. If it's good, it's wonderful. If it's bad, it's experience.",Victoria Holt
253,"In order to rise from its own ashes, a Phoenix first must burn.",Octavia E. Butler
254,Experience is one thing you can't get for nothing.,Oscar Wilde
255,Experience is the best teacher.,"Penelope Douglas,"
256,"Happiness is when what you think, what you say, and what you do are in harmony.",Mahatma Gandhi
257,Happiness in intelligent people is the rarest thing I know.,"Ernest Hemingway,"
258,I've got nothing to do today but smile.,Paul Simon
259,"You can't be happy unless you're unhappy sometimes"".","Lauren Oliver,"
260,The most wasted of all days is one without laughter.,Nicolas Chamfort
261,To get the full value of joy you must have someone to divide it with.,Mark Twain
262,The only real mistake is the one from which we learn nothing.,Henry Ford
263,Nothing is a waste of time if you use the experience wisely.,Auguste Rodin
264,"Knowledge is marvelous, but wisdom is even better.",Kay Redfield Jamison
265,Sanity and happiness are an impossible combination.,Mark Twain
266,"Success is getting what you want, happiness is wanting what you get",W.P. Kinsella
267,"Learn to value yourself, which means: fight for your happiness.",Ayn Rand
268,Happiness [is] only real when shared,"Jon Krakauer,"
269,All happiness depends on courage and work.,Honor de Balzac
270,The best way to cheer yourself is to try to cheer someone else up.,Mark Twain
271,Experience is more important than knowledge.,"Santosh Kalwar,"
272,I'd far rather be happy than right any day.,"Douglas Adams,"
273,I must learn to be content with being happier than I deserve.,"Jane Austen,"
274,The happiness of your life depends upon the quality of your thoughts.,"Marcus Aurelius,"
275,"Happiness is not the absence of problems, it's the ability to deal with them.","Steve Maraboli,"
276,"The secret of happiness is freedom, the secret of freedom is courage.","Carrie Jones,"
277,Whoever is happy will make others happy.,"Anne Frank,"
278,Happiness is not a goal...it's a by-product of a life well lived.,Eleanor Roosevelt
279,"If only we'd stop trying to be happy, we could have a pretty good time.",Edith Wharton
280,"The more you praise and celebrate your life, the more there is in life to celebrate.",Oprah Winfrey
281,"Happiness is a risk. If youre not a little scared, then youre not doing it right.","Sarah Addison Allen,"
282,Scatter joy!,Ralph Waldo Emerson
283,To be happy--one must find one's bliss,Gloria Vanderbilt
284,"There is some good in this world, and it's worth fighting for.","J.R.R. Tolkien,"
285,Even the darkest night will end and the sun will rise.,"Victor Hugo,"
286,"As long as there was coffee in the world, how bad could things be?","Cassandra Clare,"
287,You'll never find a rainbow if you're looking down,Charlie Chaplin
288,"Choose to be optimistic, it feels better.",Dalai Lama XIV
289,I'd rather be partly great than entirely useless.,"Neal Shusterman,"
290,"If more of us valued food and cheer and song above hoarded gold, it would be a merrier world.",J.R.R. Tolkien
291,"If you are irritated by every rub, how will your mirror be polished?",Jalaluddin Rumi
292,"A ship is safe in harbor, but that's not what ships are for.",John A. Shedd
293,"The important thing to you is not how many years in your life, but how much life in your years!",Edward J. Stieglitz
294,"I'd rather be hated for who I am, than loved for who I am not.",Kurt Cobain
295,Wanting to be someone else is a waste of the person you are.,Marilyn Monroe
296,Every single time you help somebody stand up you are helping humanity rise.,"Steve Maraboli,"
297,I love you like a fat kid loves cake!,Scott Adams
298,Fighting for peace is like screwing for virginity.,George Carlin
299,Today was good. Today was fun. Tomorrow is another one.,Dr. Seuss
300,"From there to here, from here to there, funny things are everywhere!","Dr. Seuss,"
301,I have nothing to declare except my genius.,Oscar Wilde
302,"I never forget a face, but in your case I'll be glad to make an exception.",Groucho Marx
303,"People, generally, suck.","Christopher Moore,"
304,I inhale hope with every breath I take.,"Sharon Kay Penman,"
305,A learned fool is more a fool than an ignorant fool.,Molire
306,Intelligence without ambition is a bird without wings.,Walter H. Cottingham
307,If at first you don't succeed then skydiving definitely isn't for you.,Steven Wright
308,"To Do Today, 1/17/081. Sit and think2. Reach enlightenment3. Feed the cats","Jarod Kintz,"
309,I never hated a man enough to give him his diamonds back.,Zsa Zsa Gabor
310,Everything is funny as long as it is happening to somebody else.,Will Rogers
311,Create your own style let it be unique for yourself and yet identifiable for others.,Anna Wintour
312,Your inner strength is your outer foundation,Allan Rufus
313,The most complicated skill is to be simple.,Dejan Stojanovic
314,"Its always about timing. If its too soon, no one understands. If its too late, everyones forgotten.",Anna Wintour
315,"Love me when I least deserve it, because that's when I really need it.",Swedish Proverb
316,"See beyond the eyes can see, believe beyond the inspiration!","Felix Y. Siauw,"
317,"Because I don't live in either my past or my future.I'm interested only in the present"".","Paulo Coelho,"
318,People throw stones at you and you convert them into milestones.,Sachin Tendulkar
319,Imagination is what you do with your inspiration.,Violet Haberdasher
320,"Let no feeling of discouragement preyupon you, and in the end you are sure to succeed.",Abraham Lincoln
321,"When something can be read without effort, great effort has gone into its writing.",Enrique Jardiel Poncela
322,Theres nothing you cant do if you want it bad enough.,"Danielle Sibarium,"
323,The only man who never makes mistakes is the man who never does anything.,Theodore Roosevelt
324,The journey is what brings us happiness not the destination.,"Dan Millman,"
325,"A fit, healthy bodythat is the best fashion statement",Jess C. Scott
326,It takes a very long time to become young.,Pablo Picasso
327,"If opportunity doesn't knock, build a door",Milton Berle
328,The act of taking the first step is what separates the winners from the losers.,Brian Tracy
329,"Sorrow looks back, Worry looks around, Faith looks up",Ralph Waldo Emerson
330,A man in love is incomplete until he has married. Then he's finished.,Zsa Zsa Gabor
331,A woman without a man is like a fish without a bicycle.,Irina Dunn
332,"If a man hasn't what's necessary to make a woman love him, it's his fault, not hers.","W. Somerset Maugham,"
333,A woman's guess is much more accurate than a man's certainty.,"Rudyard Kipling,"
334,You can't understand where someone's going unless you understand where they've been.,Jerry B. Jenkins
335,Im not going to die because I failed as someone else. Im going to succeed as myself.,Margaret Cho
336,"The only time I really think is when I smoke, and I quit smoking years ago.","Jarod Kintz,"
337,"Yesterday I memorized Shakespeare, and tomorrow I'm also going to memorize his first name.","Jarod Kintz,"
338,"Success always hugs you in private,but failure slaps you in the public...",sahil banga
339,Love is the only thing that can touch our soul and change our heart.,"Lailah Gifty Akita,"
340,"Just do it! First you make your habits, then your habits make you!","Lucas Remmerswaal,"
341,"New day, new hopes, new life!!",Lailah Gifty Akita
342,Our attitude toward life determines life's attitude towards us.,Earl Nightingale
343,Your life is a reflection of your thoughts. Think well.,Danielle Pierre
344,Never allow someone to be your priority while allowing yourself to be their option.,Mark Twain
345,"Man is least himself when he talks in his own person. Give him a mask, and he will tell you the truth.",Oscar Wilde
346,I wonder how many people I've looked at all my life and never seen.,"John Steinbeck,"
347,You have to die a few times before you can reallylive.,"Charles Bukowski,"
348,Sometimes you make choices in life and sometimes choices make you.,"Gayle Forman,"
349,"If you have a garden and a library, you have everything you need.",Marcus Tullius Cicero
350,"When life gives you lemons, squirt someone in the eye.",Cathy Guisewite
351,Dogs have their day but cats have 365.,"Lilian Jackson Braun,"
352,The greatest act of faith some days is to simply get up and face another day.,Amy Gatliff
353,To know you are ignorant is the beginning of wisdom.,Marion Zimmer Bradley
354,"You say freak, I say unique.",Christian Baloga
355,You get in life what you have the courage to ask for.,Nancy D. Solomon
356,Rule your mind or it will rule you.,Horace
357,Keeping baggage from the past will leave no room for happiness in the future.,Wayne L. Misner
358,"If it wasn't hard, everyone would do it. It's the hard that makes it great.",Tom Hanks
359,"In the times of trouble, be like the strong wall. In the times of joy, be like the smiling sun.",Santosh Kalwar
360,"Every adversity, every failure, every heartache carries with it the seed of an equal or greater benefit.",Napoleon Hill
361,"Courage doesn't always roar. Sometimes courage is the quietvoice at the end of the day saying, ""I will try again tomorrow.",Mary Anne Radmacher
362,Leap and the net will appear,John Burroughs
363,"If I cannot do great things, I can do small things in a great way",Martin Luther King Jr.
364,Your success and happiness lie in you.,Helen Keller
365,There is only one success-to be able to spend life in your own way.,Christopher Morley
366,"Success is a journey, not a destination.",Ben Sweetland
367,The only guarantee for failure is to stop trying,John C. Maxwell
368,"The backbone of success is...hard work, determination, good planning, and perserverence.",Mia Hamm
369,"What you do makes a difference, and you have to decide what kind of difference you want to make.",Jane Goodall
370,"You have power over your mind - not outside events. Realize this, and you will find strength.","Marcus Aurelius,"
371,Risks must be taken because the greatest hazard in life is to risk nothing.,Leo Buscaglia
372,With the new day comes new strength and new thoughts.,Eleanor Roosevelt
373,Imagination is the highest form of research.,Albert Einstein
374,Dreams are only dreams until you wake up and make them real.,"Ned Vizzini,"
375,"Visualize this thing you want. See it, feel it, believe in it. Make your mental blueprint and begin.",Robert Collier
376,Obstacles are things a person sees when he takes his eyes off his goal.,E. Joseph Cossman
377,"The quality of a man's life is in direct proportion to his commitment to excellence, regardless of his chosen field of endeavor.",Vince Lombardi Jr.
378,A challenge only becomes an obstacle when you bow to it.,Ray A. Davis
379,Success is stumbling from failure to failure with no loss of enthusiasm.,Winston S. Churchill
380,I'm a success today because I had a friend who believed in me and I didn't have the heart to let him down.,Abraham Lincoln
381,Cry. Forgive. Learn. Move on. Let your tears water the seeds of your future happiness.,Steve Maraboli
382,The way to get started is to quit talking and begin doing.,Walt Disney Company
383,All you need in this life is ignorance and confidence; then success is sure.,Mark Twain
384,"If you try and lose then it isn't your fault. But if you don't try and we lose, then it's all your fault.","Orson Scott Card,"
385,"Kites rise highest against the wind, not with it.",Winston S. Churchill
386,Judge your success by what you had to give up in order to get it.,Dalai Lama XIV
387,Supreme excellence consists of breaking the enemy's resistance without fighting.,"Sun Tzu,"
388,Always bear in mind that your own resolution to succeed is more important than any one thing.,Abraham Lincoln
389,Youre not obligated to win. Youre obligated to keep trying. To the best you can do everyday.,Jason Mraz
390,"Success is not how high you have climbed, but how you make a positive difference to the world.","Roy T. Bennett,"
391,A kind gesture can reach a wound that only compassion can heal.,"Steve Maraboli,"
392,Our greatest fear should not be of failure but of succeeding at things in life that don't really matter.,"Francis Chan,"
393,Success does not consist in never making mistakes but in never making the same one a second time.,George Bernard Shaw
394,"Rich people have small TVs and big libraries, and poor people have small libraries and big TVs.",Zig Ziglar
395,Never was anything great achieved without danger.,Niccol Machiavelli
396,I've had great success being a total idiot.,Jerry Lewis
397,Don't mistake activity with achievement.,John Wooden
398,"If you believe you can, you might. If you know you can, you will.","Steve Maraboli,"
399,"If you want to know what a man's like, take a good look at how he treats his inferiors, not his equals.","J.K. Rowling,"
400,"Friendship ... is born at the moment when one man says to another ""What! You too? I thought that no one but myself . . .","C.S. Lewis,"
401,"Imperfection is beauty, madness is genius and it's better to be absolutely ridiculous than absolutely boring.",Marilyn Monroe
402,"The person, be it gentleman or lady, who has not pleasure in a good novel, must be intolerably stupid.","Jane Austen,"
403,"As he read, I fell in love the way you fall asleep: slowly, and then all at once.","John Green,"
404,"It is better to remain silent at the risk of being thought a fool, than to talk and remove all doubt of it.",Maurice Switzer
405,"Whenever you find yourself on the side of the majority, it is time to reform (or pause and reflect).",Mark Twain
406,"Yesterday is history, tomorrow is a mystery, today is a gift of God, which is why we call it the present.",Bil Keane
407,"We are all in the gutter, but some of us are looking at the stars.","Oscar Wilde,"
408,A woman is like a tea bag; you never know how strong it is until it's in hot water.,Eleanor Roosevelt
409,"I may not have gone where I intended to go, but I think I have ended up where I needed to be.","Douglas Adams,"
410,I solemnly swear that I am up to no good.,"J.K. Rowling,"
411,"I like nonsense, it wakes up the brain cells. Fantasy is a necessary ingredient in living.",Dr. Seuss
412,Never put off till tomorrow what may be done day after tomorrow just as well.,Mark Twain
413,"There is never a time or place for true love. It happens accidentally, in a heartbeat, in a single flashing, throbbing moment.","Sarah Dessen,"
414,"A reader lives a thousand lives before he dies, said Jojen. The man who never reads lives only one.","George R.R. Martin,"
415,My thoughts are stars I cannot fathom into constellations.,"John Green,"
416,"It takes a great deal of bravery to stand up to our enemies, but just as much to stand up to our friends.","J.K. Rowling,"
417,Anyone who thinks sitting in church can make you a Christian must also think that sitting in a garage can make you a car.,Garrison Keillor
418,"I'm not upset that you lied to me, I'm upset that from now on I can't believe you.",Friedrich Nietzsche
419,Love is that condition in which the happiness of another person is essential to your own.,"Robert A. Heinlein,"
420,"You love me. Real or not real?""I tell him, ""Real.","Suzanne Collins,"
421,"Today you are You, that is truer than true. There is no one alive who is Youer than You.","Dr. Seuss,"
422,Never trust anyone who has not brought a book with them.,"Lemony Snicket,"
423,"Whenever I feel the need to exercise, I lie down until it goes away.",Paul   Terry
424,"If you only read the books that everyone else is reading, you can only think what everyone else is thinking.","Haruki Murakami,"
425,You can never get a cup of tea large enough or a book long enough to suit me.,C.S. Lewis
426,"Of course it is happening inside your head, Harry, but why on earth should that mean that it is not real?","J.K. Rowling,"
427,Some infinities are bigger than other infinities.,"John Green,"
428,What a slut time is. She screws everybody.,"John Green,"
429,The marks humans leave are too often scars.,"John Green,"
430,"Oh, I wouldn't mind, Hazel Grace. It would be a privilege to have my heart broken by you.","John Green,"
431,"So I walked back to my room and collapsed on the bottom bunk, thinking that if people were rain, I was drizzle and she was a hurricane.","John Green,"
432,You can love someone so much...But you can never love people as much as you can miss them.,John Green
433,What is the point of being alive if you don't at least try to do something remarkable?,"John Green,"
434,Maybe our favorite quotations say more about us than about the stories and people we're quoting.,John Green
435,"Be who you are and say what you feel, because those who mind don't matter, and those who matter don't mind.",Bernard M. Baruch
436,"My fault, my failure, is not in the passions I have, but in my lack of control of them.",Jack Kerouac
437,"The truth isn't always beauty, but the hunger for it is.",Nadine Gordimer
438,Literature is humanity talking to itself.,Norman Rush
439,I have never met a man so ignorant that I couldn't learn something from him.,Galileo Galilei
440,"The truth is life is full of joy and full of great sorrow, but you can't have one without the other.","Andre Dubus III,"
441,"If you can't change your fate, change your attitude.",Amy Tan
442,Keep your face always toward the sunshine - and shadows will fall behind you.,Walt Whitman
443,"For my part, I prefer my heart to be broken. It is so lovely, dawn-kaleidoscopic within the crack.",D.H. Lawrence
444,"My only advice is to stay aware, listen carefully, and yell for help if you need it.",Judy Blume
445,"Each night, when I go to sleep, I die. And the next morning, when I wake up, I am reborn.",Mahatma Gandhi
446,"I think Im greedy, but Im not greedy for money - I think that can be a burden - Im greedy for an exciting life.",David Hockney
447,Though nobody can go back and make a new beginning... Anyone can start over and make a new ending.,Chico Xavier
448,"No matter how much suffering you went through, you never wanted to let go of those memories.",Haruki Murakami
449,"If there's a single lesson that life teaches us, it's that wishing doesn't make it so.","Lev Grossman,"
450,"The trouble is if you dont spend your life yourself, other people spend it for you.","Peter Shaffer,"
451,Only the dead have seen the end of war.,Plato
452,You've got to get obsessed and stay obsessed.,"John Irving,"
453,"So its true, when all is said and done, grief is the price we pay for love.","E.A. Bucchianeri,"
454,"Friends are the family you choose (~ Nin/Ithilnin, Elven rogue).","Jess C. Scott,"
455,Life is so complicated that sometimes it is better to pass up.,Claudio Encarnacion Montero
456,"Every action you take, leads to a consequence you face. Choose wisely!",Kemi Sogunle
457,It is an amazing feeling when you can proudly stand seeing your greatest dreams coming true,Harry Vested Jr.
458,Be compassionate with all people. Give them the chance to change.,"Lailah Gifty Akita,"
459,A positive mindset is the key to positive lifestyle.,"Lailah Gifty Akita,"
460,The worst decisions in life we make are always the one we make out of fear.,"Sherrilyn Kenyon,"
461,"We are all different. Dont judge, understand instead.","Roy T. Bennett,"
462,"Instead of worrying about what you cannot control, shift your energy to what you can create.","Roy T. Bennett,"
463,"Respect other people's feelings. It might mean nothing to you, but it could mean everything to them.",Roy T. Bennett
464,I don't think anyone ever gets over anything in life; they merely get used to it.,Douglas Coupland
465,"Always find opportunities to make someone smile, and to offer random acts of kindness in everyday life.","Roy T. Bennett,"
466,"Accept yourself, love yourself, and keep moving forward. If you want to fly, you have to give up what weighs you down.","Roy T. Bennett,"
467,"Take responsibility of your own happiness, never put it in other peoples hands.","Roy T. Bennett,"
468,"Always remember people who have helped you along the way, and dont forget to lift someone up.","Roy T. Bennett,"
469,"If you love deeply, you're going to get hurt badly. But it's still worth it.",C.S. Lewis
470,Let the improvement of yourself keep you so busy that you have no time to criticize others.,"Roy T. Bennett,"
471,"Life is about accepting the challenges along the way, choosing to keep moving forward, and savoring the journey.","Roy T. Bennett,"
472,"The past is a place of reference, not a place of residence; the past is a place of learning, not a place of living.","Roy T. Bennett,"
473,"Maturity is when you stop complaining and making excuses, and start making changes.","Roy T. Bennett,"
474,"Do what is right, not what is easy nor what is popular.","Roy T. Bennett,"
475,Give out what you most want to come back.,"Robin S. Sharma,"
476,"When the going gets tough, put one foot in front of the other and just keep going. Dont give up.","Roy T. Bennett,"
477,"If you have a strong purpose in life, you don't have to be pushed. Your passion will drive you there.","Roy T. Bennett,"
478,Smile more. Smiling can make you and others happy.,"Roy T. Bennett,"
479,Gratitude builds a bridge to abundance.,"Roy T. Bennett,"
480,Nothing can disturb your peace of mind unless you allow it to.,"Roy T. Bennett,"
481,"When one has a grateful heart, life is so beautiful.","Roy T. Bennett,"
482,Start each day with a positive thought and a grateful heart.,"Roy T. Bennett,"
483,Rock bottom became the solid foundation on which I rebuilt my life.,J.K. Rowling
484,"You dont have to like someone, but you have to treat them as you wish to be treated.","Roy T. Bennett,"
485,Never lose hope. Storms make people stronger and never last forever.,"Roy T. Bennett,"
486,"Dream your own dreams, achieve your own goals. Your journey is your own and unique.","Roy T. Bennett,"
487,"Take your life in your own hands, and what happens? A terrible thing: no one to blame.",Erica Jong
488,Some beautiful paths can't be discovered without getting lost.,Erol Ozan
489,Turn your obstacles into opportunities and your problems into possibilities.,"Roy T. Bennett,"
490,Push your boundaries beyond the ordinary; be that extra in extraordinary.,"Roy T. Bennett,"
491,You are never alone. You are eternally connected with everyone.,"Amit Ray,"
492,The level of success you achieve will be in direct proportion to the depth of your commitment.,"Roy T. Bennett,"
493,Good people see the good and bring out the best in other people.,"Roy T. Bennett,"
494,"Know who you are, and be it. Know what you want, and go out and get it!",Carroll Bryant
495,Failures are the stairs we climb to reach success.,"Roy T. Bennett,"
496,No one has ever achieved greatness without dreams.,"Roy T. Bennett,"
497,"Until you change how you get things done, you'll never know what works best.","Roy T. Bennett,"
498,"Do good, live in the most positive and joyful way possible every day.","Roy T. Bennett,"
499,Let go of something old that no longer serves you in order to make room for something new.,"Roy T. Bennett,"
500,Dedicate yourself to what gives your life true meaning and purpose; make a positive difference in someone's life.,Roy T. Bennett
501,Complex question can only be solved by patience.,"Hlovate,"
502,"When you take control of your attitude, you take control of your life.","Roy T. Bennett,"
503,Great goals make great people. People cannot hit what they do not aim for.,"Roy T. Bennett,"
504,"Instead of complaining about the problem and blaming others, start finding the solution.","Roy T. Bennett,"
505,People are successful because they think and act like successful people.,"Roy T. Bennett,"
506,The advantage of a bad memory is that one enjoys several times the same good things for the first time.,Friedrich Nietzsche
507,Happiness depends upon ourselves.,Aristotle
508,"Happiness is the meaning and the purpose of life, the whole aim and end of human existence.",Aristotle
509,"Happiness is an accident of nature, a beautiful and flawless aberration.","Pat Conroy,"
510,It is the very mark of the spirit of rebellion to crave for happiness in this life,"Henrik Ibsen,"
511,"Children are happy because they don't have a file in their minds called ""All the Things That Could Go Wrong.",Marianne Williamson
512,Laughter is poison to fear.,"George R.R. Martin,"
513,"Happiness is not a possession to be prized, it is a quality of thought, a state of mind.","Daphne du Maurier,"
514,A thing of beauty is a joy forever.,"John Keats,"
515,The power of finding beauty in the humblest things makes home happy and life lovely.,Louisa May Alcott
516,The problem with people is they forget that most of the time it's the small things that count.,"Jennifer Niven,"
517,We all live with the objective of being happy; our lives are all different and yet the same.,Anne Frank
518,Very little is needed to make a happy life; it is all within yourself in your way of thinking.,"Marcus Aurelius,"
519,Happy girls are the prettiest,Audrey Hepburn
520,Happiness is a perfume you cannot pour on others without getting some on yourself.,Ralph Waldo Emerson
521,Just because you are happy it does not mean that the day is perfect but that you have looked beyond its imperfections,Bob Marley
522,"Dont waste your time in anger, regrets, worries, and grudges. Life is too short to be unhappy.",Roy T. Bennett
523,"Stop comparing yourself to other people, just choose to be happy and live your own life.","Roy T. Bennett,"
524,We're all golden sunflowers inside.,Allen Ginsberg
525,You have to participate relentlessly in the manifestation of your own blessings.,Elizabeth Gilbert
526,"I am intrigued by the smile upon your face, and the sadness within your eyes",Jeremy Aldana
527,"It's a helluva start, being able to recognize what makes you happy.",Lucille Ball
528,"Ever since happiness heard your name, it has been running through the streets trying to find you.",
529,Do not set aside your happiness. Do not wait to be happy in the future. The best time to be happy is always now.,Roy T. Bennett
530,"Everyone wants to live on top of the mountain, but all the happiness and growth occurs while you're climbing it.",Andy Rooney
531,"To the well-organized mind, death is but the next great adventure.","J.K. Rowling,"
532,It is the mark of an educated mind to be able to entertain a thought without accepting it.,"Aristotle,"
533,"The secret of life, though, is to fall seven times and to get up eight times.","Paulo Coelho,"
534,Think before you speak. Read before you think.,"Fran Lebowitz,"
535,Any fool can know. The point is to understand.,Albert Einstein
536,The unexamined life is not worth living.,Socrates
537,"The simple things are also the most extraordinary things, and only the wise can see them.","Paulo Coelho,"
538,"Last night I lost the world, and gained the universe.",C. JoyBell C.
539,The possession of knowledge does not kill the sense of wonder and mystery. There is always more mystery.,Anas Nin
540,People don't care how much you know until they know how much you care,Theodore Roosevelt
541,"Knowledge, like air, is vital to life. Like air, no one should be denied it.","Alan Moore,"
542,"Unless you try to do something beyond what you have already mastered, you will never grow.",Ronald E. Osborn
543,The eye sees only what the mind is prepared to comprehend.,"Robertson Davies,"
544,Science is organized knowledge. Wisdom is organized life.,"Will Durant,"
545,An investment in knowledge always pays the best interest.,"Benjamin Franklin,"
546,What is now proved was once only imagined.,William Blake
547,"You can't know, you can only believe - or not.",C.S. Lewis
548,Information is not knowledge.,Albert Einstein
549,"Knowledge is a treasure, but practice is the key to it.",Lao Tzu
550,You can only be afraid of what you think you know.,Jiddu Krishnamurti
551,Knowing is not enough; we must apply. Willing is not enough; we must do.,Johann Wolfgang von Goethe
552,All men by nature desire knowledge.,"Aristotle,"
553,"Lack of direction, not lack of time, is the problem. We all have twenty-four hour days.",Zig Ziglar
554,The only way of discovering the limits of the possible is to venture a little way past them into the impossible.,Arthur C. Clarke
555,The man who moves a mountain begins by carrying away small stones.,"Confucius,"
556,Change the way you look at things and the things you look at change.,Wayne W. Dyer
557,Circumstances are the rulers of the weak; they are but the instruments of the wise.,"Samuel Lover,"
558,"At the end of the day, let there be no excuses, no explanations, no regrets.","Steve Maraboli,"
559,"Although the world is full of suffering, it is full also of the overcoming of it.",Helen Keller
560,"Learn the rules like a pro, so you can break them like an artist.",Pablo Picasso
561,"Its only after youve stepped outside your comfort zone that you begin to change, grow, and transform.",Roy T. Bennett
562,"If you hang out with chickens, you're going to cluck and if you hang out with eagles, you're going to fly.","Steve Maraboli,"
563,"Action may not always bring happiness, but there is no happiness without action.",William James
564,"I write for the same reason I breathe - because if I didn't, I would die.",Isaac Asimov
565,"In the end, you have to choose whether or not to trust someone.","Sophie Kinsella,"
566,Only he who attempts the absurd is capable of achieving the impossible.,Miguel de Unamuno
567,You are the average of the five people you spend the most time with.,Jim Rohn
568,Don't be pushed around by the fears in your mind. Be led by the dreams in your heart.,"Roy T. Bennett,"
569,You never change your life until you step out of your comfort zone; change begins at the end of your comfort zone.,Roy T. Bennett
570,I cannot let the fear of the past color the future.,"Julie Kagawa,"
571,"Don't fear failure.  Not failure, but low aim, is the crime. In great attempts it is glorious even to fail.","Bruce Lee,"
572,"Courage is feeling fear, not getting rid of fear, and taking action in the face of fear.","Roy T. Bennett,"
573,"My past has not defined me, destroyed me, deterred me, or defeated me; it has only strengthened me.","Steve Maraboli,"
574,"Pursue what catches your heart, not what catches your eyes.","Roy T. Bennett,"
575,Believe in your infinite potential. Your only limitations are those you set upon yourself.,"Roy T. Bennett,"
576,Be brave to stand for what you believe in even if you stand alone.,"Roy T. Bennett,"
577,Be the positive impact on the lives of others.,Roy T. Bennett
578,"It takes guts and humility to admit mistakes. Admitting we're wrong is courage, not weakness.","Roy T. Bennett,"
579,Beliefs are choices. First you choose your beliefs. Then your beliefs affect your choices.,Roy T. Bennett
580,Dreams don't work unless you take action. The surest way to make your dreams come true is to live them.,Roy T. Bennett
581,"You cannot change anyone, but you can be the reason someone changes.","Roy T. Bennett,"
582,It takes sunshine and rain to make a rainbow. There would be no rainbows without sunshine and rain.,"Roy T. Bennett,"
583,"To have what you have never had, you have to do what you have never done.","Roy T. Bennett,"
584,Stop doing what is easy or popular. Start doing what is right.,"Roy T. Bennett,"
585,Rejection is an opportunity for your selection.,Bernard Branson
586,Keep in mind that the true measure of an individual is how he treats a person who can do him absolutely no good.,Ann Landers
587,First say to yourself what you would be;and then do what you have to do.,Epictetus
588,"Be where you are, stop over-thinking, and focus on what you are doing.","Roy T. Bennett,"
589,"Integrity is doing what is right and truthful, and doing as you say you would do.","Roy T. Bennett,"
590,How much you can learn when you fail determines how far you will go into achieving your goals.,"Roy T. Bennett,"
591,You cannot swim for new horizons until you have courage to lose sight of the shore.,William Faulkner
592,Only in the darkness can you see the stars.,Martin Luther King Jr.
593,"The things you do for yourself are gone when you are gone, but the things you do for others remain as your legacy.",Kalu Ndukwe Kalu
594,Maybe everyone can live beyond what they're capable of.,"Markus Zusak,"
595,Tears shed for another person are not a sign of weakness. They are a sign of a pure heart.,"Jos N. Harris,"
596,"In a time of destruction, create something.",Maxine Hong Kingston
597,It's amazing how a little tomorrow can make up for a whole lot of yesterday.,"John Guare,"
598,"We dream to give ourselves hope. To stop dreaming - well, thats like saying you can never change your fate.","Amy Tan,"
599,"This is where it all begins. Everything starts here, today.","David Nicholls,"
600,Hope is a waking dream.,Aristotle
601,"I don't think of all the misery, but of the beauty that still remains.","Anne Frank,"
602,There is a crack in everything.That's how the light gets in.,"Leonard Cohen,"
603,"Shoot for the moon, even if you fail, you'll land among the stars","Cecelia Ahern,"
604,We need never be hopeless because we can never be irreperably broken.,"John Green,"
605,"Remember, Hope is a good thing, maybe the best of things, and no good thing ever dies.",Stephen King
606,A baby is God's opinion that the world should go on.,Carl Sandburg
607,One lives in the hope of becoming a memory.,Antonio Porchia
608,"We must accept finite disappointment, but never lose infinite hope.",Martin Luther King Jr.
609,"When you're at the end of your rope, tie a knot and hold on.",Theodore Roosevelt
610,The very existence of libraries affords the best evidence that we may yet have hope for the future of man,T.S. Eliot
611,"If we will be quiet and ready enough, we shall find compensation in every disappointment.","Henry David Thoreau,"
612,Be faithful in small things because it is in them that your strength lies.,Mother Teresa
613,There is nothing like a dream to create the future.,"Victor Hugo,"
614,"One resolution I have made, and try always to keep, is this: To rise above little things.",John Burroughs
615,Yes We Can!,Barack Obama
616,"If at first the idea is not absurd, then there is no hope for it.",Albert Einstein
617,"Where there is no hope, it is incumbent on us to invent it.",Albert Camus
618,"With every mistake, we must surely be learning.",George Harrison
619,"One child, one teacher, one book, one pen can change the world.","Malala Yousafzai,"
620,Happiness is part of who we are. Joy is the feeling,"Tony DeLiso,"
621,"One day, in retrospect, the years of struggle will strike you as the most beautiful.",Sigmund Freud
622,"The unhappiest people in this world, are those who care the most about what other people think.",C. JoyBell C.
623,"No matter what happens, or how bad it seems today, life does go on, and it will be better tomorrow.",Maya Angelou
624,Help others without any reason and give without the expectation of receiving anything in return.,"Roy T. Bennett,"
625,"Life is too short to waste your time on people who dont respect, appreciate, and value you.","Roy T. Bennett,"
626,You must give everything to make your life as beautiful as the dreams that dance in your imagination.,Roman Payne
627,My Life is My Message,Mahatma Gandhi
628,"Treat everyone with politeness and kindness, not because they are nice, but because you are.","Roy T. Bennett,"
629,Be mindful. Be grateful. Be positive. Be true. Be kind.,"Roy T. Bennett,"
630,"If you're not failing every now and again, it's a sign you're not doing anything very innovative.",Woody Allen
631,Life becomes easier and more beautiful when we can see the good in other people.,Roy T. Bennett
632,"Follow your heart, listen to your inner voice, stop caring about what others think.","Roy T. Bennett,"
633,It's time to start living the life you've imagined.,Henry James
634,"No amount of regretting can change the past, and no amount of worrying can change the future.","Roy T. Bennett,"
635,One of the most scariest thing in life is when you come to the realization that the only thing that can save you is...yourself,Demi Lovato
636,Its your life; you dont need someones permission to live the life you want. Be brave to live from your heart.,"Roy T. Bennett,"
637,"Once you realize you deserve a bright future, letting go of your dark past is the best choice you will ever make.","Roy T. Bennett,"
638,To shine your brightest light is to be who you truly are.,Roy T. Bennett
639,It is better to live your own destiny imperfectly than to live an imitation of somebody else's life with perfection.,"Anonymous,"
640,I have learned all kinds of things from my many mistakes. The one thing I never learn is to stop making them.,"Joe Abercrombie,"
641,I always prefer to believe the best of everybody; it saves so much trouble,Rudyard Kipling
642,"Always be fearless. Walk like lion, talk like pigeons, live like elephants and love like an infant child.","Santosh Kalwar,"
643,Kindness is not a business. True kindness expects nothing in return and should never act with conditions.,"Roy T. Bennett,"
644,"That's the thing about lessons, you always learn them when you don't expect them or want them.","Cecelia Ahern,"
645,Curiosity is the lust of the mind.,Thomas Hobbes
646,Guard well your thoughts when alone and your words when accompanied.,Roy T. Bennett
647,The energy of the mind is the essence of life.,"Aristotle,"
648,Dont wait for things to happen. Make them happen.,Roy T. Bennett
649,Your fear is 100% dependent on you for its survival.,"Steve Maraboli,"
650,"Make improvements, not excuses. Seek respect, not attention.","Roy T. Bennett,"
651,Lightning makes no sound until it strikes.,"Martin Luther King Jr.,"
652,"Focus on making yourself better, not on thinking that you are better.","Bohdi Sanders,"
653,Sometimes you have to lose all you have to find out who you truly are.,"Roy T. Bennett,"
654,You cant make someone feel good about themselves until you feel good aboutyourself.,Robin S. Sharma
655,Wisdom is the reward for surviving our own stupidity.,"Brian Rathbone,"
656,What a waste my life would be without all the beautiful mistakes I've made.,"Alice Bag,"
657,"Do what you love, love what you do, and with all your heart give yourself to it.","Roy T. Bennett,"
658,Nothing in this world happens by chance.,"Paulo Coelho,"
659,Get comfortable with being uncomfortable!,Jillian Michaels
660,"Actions speak louder than words, and a smile says, I like you. You make me happy. I am glad to see you.","Dale Carnegie,"
661,"No matter how much experience you have, theres always something new you can learn and room for improvement.","Roy T. Bennett,"
662,"You were born to win, but to be a winner you must plan to win, prepare to win, and expect to win.",Zig Ziglar
663,"Change may not always bring growth, but there is no growth without change.","Roy T. Bennett,"
664,"You cannot control the behavior of others, but you can always choose how you respond to it.","Roy T. Bennett,"
665,Do not fear failure but rather fear not trying.,"Roy T. Bennett,"
666,"Every challenge you face today makes you stronger tomorrow. The challenge of life is intended to make you better, not bitter.","Roy T. Bennett,"
667,Dance above the surface of the world. Let your thoughts lift you into creativity that is not hampered by opinion.,Red Haircrow
668,Love changes things; hope allows us to endure until the change arrives.,Iimani David
669,Do not let the roles you play in life make you forget who you are.,Roy T. Bennett
670,"Life is not always perfect. Like a road, it has many bends, ups and down, but thats its beauty.","Amit Ray,"
671,Most important thing in life is learning how to fall.,"Jeannette Walls,"
672,I welcome questions. I hate assumptions.,Red Haircrow
673,"Change course, but dont give up.","Roy T. Bennett,"
674,Life teaches us the right path is rarely the easy one.,"Roy T. Bennett,"
675,What helps you persevere is your resilience and commitment.,"Roy T. Bennett,"
676,Create a vision for the life you really want and then work relentlessly towards making it a reality.,"Roy T. Bennett,"
677,What could be worse than getting to the end of your life and realizing you hadn't lived it,Edward Albee
678,You only get one life. Live it to the fullest. All your miseries will be forgiven when you will be dead.,Santosh Kalwar
679,"You win a few, you lose a few. Some get rained out. But you got to dress for all of them.",Satchel Paige
680,"We all have negative thoughts now and then, but we can choose not to dwell there and not to let them control us.","Roy T. Bennett,"
681,Things don't always work out the way we hope. You just have to pick yourself up and find a new direction to go in.,"Joelle Charbonneau,"
682,I don't measure a man's success by how high he climbs but how high he bounces when he hits bottom,George S. Patton Jr.
683,"Dont complain, dont explain.",Raymond Carver
684,"Life is an experiment in which you may fail or succeed. Explore more, expect least.",Santosh Kalwar
685,"The person may have a scar, but it also means they have a story","Jodi Picoult,"
686,"To learn something new, you need to try new things and not be afraid to be wrong.",Roy T. Bennett
687,...dont judge your future based on others mistakes.,"Rachel Vincent,"
688,"Change the changeable, accept the unchangeable, and remove yourself from the unacceptable.",Denis Waitley
689,Listen to what you know instead of what you fear.,Richard Bach
690,Just because things hadn't gone the way I had planned didn't necessarily mean they had gone wrong.,"Ann Patchett,"
691,To overcome fear is the quickest way to gain your self-confidence.,"Roy T. Bennett,"
692,"You have two choices, to conquer your fear or to let your fear conquer you.","Roy T. Bennett,"
693,"Integrity is doing the right thing when nobody's watching, and doing as you say you would do.","Roy T. Bennett,"
694,You make the world a better place by making daily improvements to become the best version of yourself.,Roy T. Bennett
695,"We've got everything we need right here, and everything we need is enough.",Jack Johnson
696,"The lessons of life amount not to wisdom, but to scar tissue and callus.","Wallace Stegner,"
697,"If you want to find happiness, find gratitude.","Steve Maraboli,"
698,Be patient and open-minded in your interactions with others; find the positive attributes that they possess.,Roy T. Bennett
699,One word of encouragement can be enough to spark someones motivation to continue with a difficult challenge.,Roy T. Bennett
700,Everyone's time is limited. What matters most is to focus on what matters most.,Roy T. Bennett
701,It is difficult to make the right choice if you fear choosing wrongly.,Roy T. Bennett
702,Life gives you lots of chances to screw up which means you have just as many chances to get it right.,"Candace Bushnell,"
703,Necessity is the mother of invention.,"Aesop,"
704,"Sometimes you wake up. Sometimes the fall kills you. And sometimes, when you fall, you fly.","Neil Gaiman,"
705,"We delight in the beauty of the butterfly, but rarely admit the changes it has gone through to achieve that beauty.",Maya Angelou
706,"Understanding is the first step to acceptance, and only with acceptance can there be recovery.","J.K. Rowling,"
707,Do you want to know who you are? Don't ask. Act! Action will delineate and define you.,Thomas Jefferson
708,"You yourself, as much as anybody in the entire universe, deserve your love and affection",Sharon Salzberg
709,Sometimes it takes a good fall to really know where you stand,Hayley Williams
710,"A man is a success if he gets up in the morning and gets to bed at night, and in between he does what he wants to do.",Bob Dylan
711,"Success is a state of mind. If you want success, start thinking of yourself as a success.",Joyce Brothers
712,"And will you succeed? Yes indeed, yes indeed! Ninety-eight and three-quarters percent guaranteed!",Dr. Seuss
713,Success is getting what you want..Happiness is wanting what you get.,Dale Carnegie
714,Curious that we spend more time congratulating people who have succeeded than encouraging people who have not.,Neil deGrasse Tyson
715,The only time you fail is when you fall down and stay down.,"Stephen Richards,"
716,"Keep your friends for friendship, but work with the skilled and competent","Robert Greene,"
717,The true measure of success is how many times you can bounce back from failure.,Stephen Richards
718,People rarely succeed unless they have fun in what they are doing.,Dale Carnegie
719,"Success, after all, loves a witness, but failure can't exist without one.","Junot Daz,"
720,Persistence. Perfection. Patience. Power. Prioritize your passion. It keeps you sane.,"Criss Jami,"
721,Fortune sides with him who dares.,Virgil
722,Success is a little like wrestling a gorilla. You don't quit when you're tired. You quit when the gorilla is tired.,Robert Strauss
723,Success means we go to sleep at night knowing that our talents and ablities were used in a way that served others.,Marianne Williamson
724,You must expect great things of yourself before you can do them.,Michael Jordan
725,To be successful you need friends and to be very successful you need enemies.,"Sidney Sheldon,"
726,"It is our choices, Harry, that show what we truly are, far more than our abilities.","J.K. Rowling,"
727,"I find television very educating. Every time somebody turns on the set, I go into the other room and read a book.",Groucho Marx
728,"It matters not what someone is born, but what they grow to be.","J.K. Rowling,"
729,It is what you read when you don't have to that determines what you will be when you can't help it.,Oscar Wilde
730,The reason I talk to myself is because Im the only one whose answers I accept.,George Carlin
731,"There is nothing better than a friend, unless it is a friend with chocolate.",Linda Grayson
732,"One must always be careful of books,"" said Tessa, ""and what is inside them, for words have the power to change us.","Cassandra Clare,"
733,"If there's a book that you want to read, but it hasn't been written yet, then you must write it.",Toni Morrison
734,It takes courage to grow up and become who you really are.,E.E. Cummings
735,"We believe in ordinary acts of bravery, in the courage that drives one person to stand up for another.","Veronica Roth,"
736,Be nice to nerds. You may end up working for them. We all could.,"Charles J. Sykes,"
737,"Just when you think it can't get any worse, it can. And just when you think it can't get any better, it can.","Nicholas Sparks,"
738,Some day you will be old enough to start reading fairy tales again.,C.S. Lewis
739,The fear of death follows from the fear of life. A man who lives fully is prepared to die at any time.,Mark Twain
740,"Be not afraid of greatness. Some are born great, some achieve greatness, and others have greatness thrust upon them.","William Shakespeare,"
741,"... a mind needs books as a sword needs a whetstone, if it is to keep its edge.","George R.R. Martin,"
742,Books are a uniquely portable magic.,"Stephen King,"
743,It is one of the blessings of old friends that you can afford to be stupid with them.,"Ralph Waldo Emerson,"
744,"I became insane, with long intervals of horrible sanity.",Edgar Allan Poe
745,Creativity is knowing how to hide your sources,C.E.M. Joad
746,Those who don't believe in magic will never find it.,Roald Dahl
747,"I speak to everyone in the same way, whether he is the garbage man or the president of the university.",Albert Einstein
748,How wonderful it is that nobody need wait a single moment before starting to improve the world.,"Anne Frank,"
749,I am not pretty. I am not beautiful. I am as radiant as the sun.,"Suzanne Collins,"
750,"Becoming fearless isn't the point. That's impossible. It's learning how to control your fear, and how to be free from it.","Veronica Roth,"
751,"Minds are like flowers, they only open when the time is right.",Stephen Richards
752,What would you do if you weren't afraid?,"Sheryl Sandberg,"
753,Done is better than perfect.,"Sheryl Sandberg,"
754,Don't blow off another's candle for it won't make yours shine brighter.,"Jaachynma N.E. Agu,"
755,"Once you start laughing, you start healing.","Sherry Argov,"
756,"When your back is to the wall and you are facing fear head on, the only way is forward and through it.","Stephen Richards,"
757,Don't set your goals by what other people deem important.,"Jaachynma N.E. Agu,"
758,"We cannot change what we are not aware of, and once we are aware, we cannot help but change.","Sheryl Sandberg,"
759,"You willed yourself to where you are today, so will yourself out of it.",Stephen Richards
760,All I have is all I need and all I need is all I have in this moment.,Byron Katie
761,"Life's managed, not cured.",Phillip C. McGraw
762,"Its not about working for money, its about having money work for you.",Stephen Richards
763,Too much honesty makes you sound insincere.,"Patrick Rothfuss,"
764,"If you really want the key to success, start by doing the opposite of what everyone else is doing.",Brad Szollose
765,When you know love then that is the time you forget hate.,Stephen Richards
766,stars are the scars of the universe,"Ricky Maye,"
767,You cannot solve a problem in the same frequency in which it was created.,"Lynn Grabhorn,"
768,Anger does not solve anything; it builds nothing.,Thomas S. Monson
769,Doing the tough things sets winners apart from losers.,"Stephen Richards,"
770,"If the self-help books worked, it would be a shrinking industry not a growing one.","Steve Maraboli,"
771,You are only as beautiful as your last action ...,Stephen Richards
772,Will is a skill.,"Jillian Michaels,"
773,The first place where self-esteem begins its journey is within us.,"Stephen Richards,"
774,"It is not as much about who you used to be, as it is about who you choose to be.",Sanhita Baruah
775,Judgment is a negative frequency.,Stephen Richards
776,It sometimes takes a state of solitude to bring to mind the real power of companionship.,Stephen Richards
777,Everything that happens to you is your teacher. The secret is to learn to sit at the feet of your own life and be taught by it. Polly B. Berends,Polly Berrien Berends
778,IF YOU DON'T GO AFTER WHAT YOU WANT; YOU COULD SPEND YOUR ENTIRE LIFE SETTLING FOR WHAT YOU CAN GET,"Mo Stegall,"
779,You and your purpose in life are the same thing. Your purpose is to be you.,George Alexiou
780,And the time came when the risk to remain tight in a bud was more painful than the risk it took to blossom.,Anas Nin
781,God did not create you to fail!,Tommy Coletta
782,"Live with Fulfillment, Serve with Passion so in this Lifetime you will have the ablility to Die with NO Regrets.",Randy Gonzales
783,You don't have to be good at something to be liked.,Stephen Richards
784,"Stand out from the crowd, be yourself.",Stephen Richards
785,"No matter whether you believe in luck or chance, the final decision is from yourself.",Stephen Richards
786,"Without desires and dreams, your thoughts do not matter and you can think whatever you want to.","Stephen Richards,"
787,Inaction creates nothing. Action creates success.,Stephen Richards
788,We wait for God to bless us while God waits for us to accept the blessing.,"Betsy Otter Thompson,"
789,"Poverty: a temporary financial low, curable by money.",Stephen Richards
790,"reality isn't the way you wish things to be, nor the way they appear to be, but the way they actually are.",Robert J. Ringer
791,"It's not what you've got, it's what you use that makes a difference.",Zig Ziglar
792,A good self-esteem level is mostly dependant on how we value ourselves without any bias.,"Stephen Richards,"
793,"Understand that for better or worse, you create your own life.",Stephen Richards
794,A person today who seems to have a great sense of self-esteem has his or her childhood days to thank for it.,"Stephen Richards,"
795,"Whatever you lay your hands on, self-esteem is visible.","Stephen Richards,"
796,"Once you feel nice about yourself, you have planted the first seed to develop self-confidence.","Stephen Richards,"
797,Where we fall are the stepping-stones for our journey.,"Lolly Daskal,"
798,I'm not a victim. I'm not a survivor. I'm a fighter.,"JenniferElizabeth Austin,"
799,Reality is a projection of your thoughts or the things you habitually think about.,Stephen Richards
800,Exhaust your worries and they will soon leave you.,"Stephen Richards,"
801,The realisation that limitations are imaginary will make you strong and overpowering.,"Stephen Richards,"
802,We are exactly what our history made us to be.,"Stephen Richards,"
803,"For us to regard others as worthy, we have to begin by regarding ourselves as worthy.","Stephen Richards,"
804,A thought is a Cosmic Order waiting to happen.,Stephen Richards
805,Always have an air of expectancy.,"Stephen Richards,"
806,"To get something different, you must do something different.",Stephen Richards
807,"Hard work is what you do to make ends meet, easy work is getting others to do the hard work for you.",Stephen Richards
808,The difference between being mediocre and achieving excellence is you.,"Stephen Richards,"
809,What others think about you is none of your business.,"Jack Canfield,"
810,Self-confidence is contagious.,Stephen Richards
811,I was not rescued by a prince; I was the administrator of my own rescue.,Elizabeth Gilbert
812,Beauty as we feel it is something indescribable; what it is or what it means can never be said.,George Santayana
813,You tap in to this oneness and become part of the universe as a whole.,"Stephen Richards,"
814,Our way of thinking creates good or bad outcomes.,Stephen Richards
815,Success will be within your reach only when you start reaching out for it.,"Stephen Richards,"
816,Live in this moment ... for it is the only moment we have!,Stephen Richards
817,Be yourself and become wealthy!,Stephen Richards
818,"The problem with battling yourself is that even if you win, you lose.","Caitlin Moran,"
819,A failure is always in the passenger seat in his or her life.,"Stephen Richards,"
820,The mind is the strongest tool we have to help us secure the riches within the universe.,"Stephen Richards,"
821,"Though money cannot acquire you happiness, it does not mean that both money and happiness cannot exist together.","Stephen Richards,"
822,"Using your mind is a faster method to getting what you want. I mean, all you have to do is sit there. What could be easier?","Stephen Richards,"
823,"Winning is great, but if it's not enough then then you'll never have enough!",Stephen Richards
824,The basic idea is that all things in the universe are intertwined.,"Stephen Richards,"
825,The first rule when you are in a hole is to ask for a hand out!,Stephen Richards
826,View life through a wide angle lens attitude and see your horizons broaden.,Stephen Richards
827,"To put it simply, the lizard brain is purely concerned with survival.",Stephen Richards
828,Becoming wealthy is about accumulating wealth.,Stephen Richards
829,If you can't quite make it as a high flier then join a trampoline club.,Stephen Richards
830,Patience is a virtue not a vice.,Jaachynma N.E. Agu
831,"Forgive to forget, do not forget to forgive","Santosh Avvannavar,"
832,"A cord that remains, always. in many ways...",Santosh Avvannavar
833,"Before you can successfully make friends with others, first you have to become your own friend.",Stephen Richards
834,"Whatever it takes to find the real you, don't be daunted if the rest of the world looks on in shock.",Stephen Richards
835,"When you fail, that is when you get closer to success.",Stephen Richards
836,"When you fight yourself to discover the real you, there is only one winner.",Stephen Richards
837,"When we give up the chase, we give up our wishing.",Stephen Richards
838,"I don't want someone to believe my lies, I need someone to accept my truths.",Kellie Elmore
839,When we lose our spiritual child then that is when we have grown old.,Stephen Richards
840,A barrier is a limitation only when you perceive it as one.,"Stephen Richards,"
841,When you accomplish the impossible then you can achieve anything.,Stephen Richards
842,The wind of God is always blowing... but you must hoist your sail.,Franois Fnelon
843,"There is no new knowledge, it already exists in the universe.",Stephen Richards
844,The cosmic believer needs the energy of the universe to survive spiritually.,"Stephen Richards,"
845,"Time and space have no meaning, just as your conscious thoughts are meaningless.","Stephen Richards,"
846,"If we let the drama of others lives become our own, then we are no longer ourselves.",Stephen Richards
847,Happy people produce. Bored people consume.,Stephen Richards
848,"No matter how small you start, always dream big.",Stephen Richards
849,All that you are is all around you.,Stephen Richards
850,"When you stop blaming others for where you are in life, that is when you can start to manifest your dream life!",Stephen Richards
851,The more you are able to forgive then the more you are able to love.,"Stephen Richards,"
852,Without friends you have nothing!,Stephen Richards
853,How we relate with other people is dependent on how we rate ourselves and what we think about ourselves.,"Stephen Richards,"
854,"Acknowledgement is possession. When you acknowledge, think or have conviction in something, it actually will come true.","Stephen Richards,"
855,Are you ready for the God that dwells in your heart ?,"Roxana Jones,"
856,You don't manifest dreams without taking chances.,Stephen Richards
857,Our own self-esteem is something we can actually twist in whatever way we want.,"Stephen Richards,"
858,I never want you to deny anything about yourself because you have grown up thinking its unacceptable or inconvenient for the people around you.,"Jennifer Elisabeth,"
859,"When others walk away from a lost cause, then that is the time you can step in and seize success.",Stephen Richards
860,A great life starts within,"Malka Maxwell,"
861,There are no prizes for defying yourself.,Stephen Richards
862,If you think you can then you can.,Stephen Richards
863,"We were all born equal, but where we are in life now is of our own making.",Stephen Richards
864,The true test of one's mettle is how many times you will try before you give up.,Stephen Richards
865,"Even when in the midst of disturbance, the stillness of the mind can offer sanctuary.","Stephen Richards,"
866,"With every challenge you face, there is an opportunity hidden that will lead you towards the path of wealth and abundance.","Stephen Richards,"
867,"Success is a decision, not a gift.","Steve Backley,"
868,"Regardless of how far we have come, we are still looking for answers.",Stephen Richards
869,Each new friend gives rise to the possibility of anything!,Stephen Richards
870,Start with big dreams and make life worth living.,Stephen Richards
871,Unless you know where you are going then you will not know how to get there.,Stephen Richards
872,"Dont dare to dream big, just dream BIG!",Stephen Richards
873,Compassion is the religion of the heart.,"Ma Jaya Sati Bhagavati,"
874,"If we lose all of our wealth and are only left with love then, indeed, we shall never be poor.",Stephen Richards
875,"There is nothing to prove to anyone, just concentrate on your own needs.","Stephen Richards,"
876,It is in doing things and not reading about them that results come about.,Stephen Richards
877,"To be happy, make others happy.",Stephen Richards
878,"If not in the moment, where do you propose to live?",Na'ama Yehuda
879,Move on. Be well. Go for it!,"Sally Stubbs,"
880,May I see the beauty in others without denigrating my own.,"Kimber Simpkins,"
881,"As Samson demonstrated, going bald ruins lives.","Brendan Jack,"
882,It is your vibrational thoughts that give life to the goals you wish for.,Stephen Richards
883,Beliefs are not related to religion but they are basically about who you are.,"Stephen Richards,"
884,Do not invest time and money into yourself to have others completely destroy it!,Stephen Richards
885,Making excuses is one of a host of self-defeating behaviours and mental patterns that can block your success.,"Stephen Richards,"
886,"Success is within reach of all people, but you can grasp it only when you realise the power within you.","Stephen Richards,"
887,"It's called entrepreneurSHIP, not entrepreneurSIT. Don't wait. Just ship.",Richie Norton
888,"If you have ever prayed for something and received what you wanted, you engaged in Cosmic Ordering.",Stephen Richards
889,"In all of your living, don't forget to live.",Ricky Maye
890,"To rise above the conflicting desires of others, there must be no conflict about your own.",Stephen Richards
891,"Be a King. Dare to be Different, dare to manifest your greatness.","Jaachynma N.E. Agu,"
892,"If you do not have persistence then no amount of education, talent or genius can make up for it.",Stephen Richards
893,Don't die without fulfilling your purpose.,"Jaachynma N.E. Agu,"
894,Don't live to be judged for what you haven't done. Live to be judged for what you have done.,Stephen Richards
895,The only thing limiting your aspiration is your imagination.,Stephen Richards
896,The tragedy is that what you disapprove of in others is the very thing you disapprove of in yourself.,Stephen Richards
897,Today I am even richer.,Stephen Richards
898,Without enthusiasm then what we have surrounded ourselves with becomes worthless.,Stephen Richards
899,"If you get clear on the what, the how will be taken care of.","Jack Canfield,"
900,"When you reach out to those in need, do not be surprised if the essential meaning of something occurs.",Stephen Richards
901,"Pessimists never go on a voyage of discovery, equally so they never leave the shoreline in search of new horizons.",Stephen Richards
902,"When we have reached the depths of despair, only then can we look up and see the light of hope.",Stephen Richards
903,Putting someone down with name calling reveals your own low self-esteem.,"Stephen Richards,"
904,The future never happens; there will always be a future.,Stephen Richards
905,Pursue your dreams. You will be amazed about what you can achieve.,"Lailah Gifty Akita,"
906,You must take responsibility for removing I can't from your vocabulary.,"Jack Canfield,"
907,Trust your inner voice.,Lynn A. Robinson
908,Surround yourself with 'yay-sayers' not naysayers.,Lynn A. Robinson
909,Believe that life is taking you down a wonderful path!,Lynn A. Robinson
910,You have to let go of what is holding you back.,Celso Cukierkorn
911,The good thing about a self-help book is that if you misunderstand something then it won't mock you.,Stephen Richards
912,"You are human, so stop acting as if though you are a sheep and start thinking for yourself.",Stephen Richards
913,"Like everything in life, it is not what happens to you but how you respond to it that counts.","Steve Backley,"
914,"It is never about who is right or wrong, it is about what is best.","Steve Backley,"
915,The first and most important person you must believe in is yourself.,Toni Sorenson
916,Physical training is mental warfare!,"Tae Yun Kim,"
917,"Comparing yourself to others does nothing for you. Society has conditioned us to value people who fit a secular mold of perfection"".","Michele Woolley,"
918,The Law of Attraction is a theory. Cosmic Ordering is a practice putting that theory to work.,Stephen Richards
919,Intuitive responses are responses which originate from joy.,"Sylvia Clare,"
920,Their daddy was fond of saying that mistakes weren't sins. The sin was not to learn from them.,"Judith Henry Wall,"
921,The thrust of continuous action is the firewood which fuels motivation.,"Steve Backley,"
922,Make peace with your past so you don't mess up the present!,Marcia Casar Friedman
923,You have to understand yourself before you can understand anything else.,"Amy Zhang,"
924,Feeling indifferent or reserved about doing something is a signal that it is probably not correct after all.,"Stephen Richards,"
925,The universe will use any vehicle and any medium to communicate with us. Our job is to be alert and to listen.,Elaine Seiler
926,You can start to change your luck today. Begin believing that you can have what you desire and superior things will arrive.,"Steve Backley,"
927,The hobgoblin of a little mind may be the genius of a great one.,Hermester Barrington
928,You must have a level of discontent to feel the urge to want to grow.,"Idowu Koyenikan,"
929,Start before you're ready.,"Steven Pressfield,"
930,If you can't focus then how do you expect to make your dreams come true?,The Prolific Penman
931,Good thoughts can become reality with Cosmic Ordering.,"Stephen Richards,"
932,Cosmic Ordering does not judge you.,"Stephen Richards,"
933,The enemy is Resistance.,"Steven Pressfield,"
934,Do you want to retire early rich or retire late poor? Cosmic Ordering answers the first question!,"Stephen Richards,"
935,Prayer is an insurance policy that you can never lapse on.,The Prolific Penman
936,With Cosmic Ordering you can keep your luxuries and ask for more.,"Stephen Richards,"
937,Riches will come when you follow Cosmic Ordering.,"Stephen Richards,"
938,Life requires more than a whisper of wisdom,Julian Pencilliah
939,Anyone believing in Cosmic Ordering wants for nothing.,"Stephen Richards,"
940,Success is not the end of the journey. It is the beginning of the expression of your infinite potential.,"Sakshi Chetana,"
941,The only secret of wealth creation is knowing how to use Cosmic Ordering.,"Stephen Richards,"
942,"The grass withers, the flower fades, but Cosmic Ordering stands forever.","Stephen Richards,"
943,The greatest barrier to wealth creation is the denial of Cosmic Ordering.,"Stephen Richards,"
944,Let no man pull you so low as to hate him.,"Martin Luther King Jr.,"
945,"God will not look you over for medals, degrees or diplomas but for scars.",Elbert Hubbard
946,It is amazing how complete is the delusion that beauty is goodness.,"Leo Tolstoy,"
947,"I know not with what weapons World War III will be fought, but World War IV will be fought with sticks and stones.",Albert Einstein
948,"There are three things all wise men fear: the sea in storm, a night with no moon, and the anger of a gentle man.","Patrick Rothfuss,"
949,"You will do foolish things, but do them with enthusiasm.",Colette
950,I'm not young enough to know everything.,"J.M. Barrie,"
951,"Don't Gain The World & Lose Your Soul, Wisdom Is Better Than Silver Or Gold.",Bob Marley
952,"Yesterday I was clever, so I wanted to change the world. Today I am wise, so I am changing myself.",Jalaluddin Rumi
953,It is not that I'm so smart. But I stay with the questions much longer.,Albert Einstein
954,"Trees are poems the earth writes upon the sky, We fell them down and turn them into paper,That we may record our emptiness.",Kahlil Gibran
955,"Knowledge speaks, but wisdom listens",Jimi Hendrix
956,The measure of intelligence is the ability to change.,Albert Einstein
957,The past has no power over the present moment.,Eckhart Tolle
958,We must be willing to let go of the life we planned so as to have the life that is waiting for us.,Joseph Campbell
959,Don't waste your time with explanations: people only hear what they want to hear.,Paulo Coelho
960,Sell your cleverness and buy bewilderment.,"Jalaluddin Rumi,"
961,The mind once enlightened cannot again become dark.,"Thomas Paine,"
962,Even strength must bow to wisdom sometimes.,"Rick Riordan,"
963,We can know only that we know nothing. And that is the highest degree of human wisdom.,"Leo Tolstoy,"
964,Music is ... A higher revelation than all Wisdom & Philosophy,Ludwig van Beethoven
965,The desire to reach for the stars is ambitious. The desire to reach hearts is wise.,Maya Angelou
966,Im not in this world to live up to your expectations and youre not in this world to live up to mine.,Bruce Lee
967,Do you not see how necessary a world of pains and troubles is to school an intelligence and make it a soul?,"John Keats,"
968,He who knows all the answers has not been asked all the questions.,Confucius
969,"Never, never, never give in!",Winston S. Churchill
970,"The older I grow, the more I distrust the familiar doctrine that age brings wisdom.",H.L. Mencken
971,"The more I read, the more I acquire, the more certain I am that I know nothing.",Voltaire
972,Perhaps the rare and simple pleasure of being seen for what one is compensates for the misery of being it.,Margaret Drabble
973,We live in an age when unnecessary things are our only necessities.,Oscar Wilde
974,All knowledge hurts.,"Cassandra Clare,"
975,I think I've discovered the secret of life -- you just hang around until you get used to it.,Charles M. Schulz
976,"Sometimes one likes foolish people for their folly, better than wise people for their wisdom.","Elizabeth Gaskell,"
977,Common sense in an uncommon degree is what the world calls wisdom.,"Samuel Taylor Coleridge,"
978,Wonder is the beginning of wisdom.,Socrates
979,"Authority without wisdom is like a heavy axe without an edge, fitter to bruise than polish.",Anne Bradstreet
980,It is one thing to be clever and another to be wise.,George R.R. Martin
981,Life would be tragic if it weren't funny.,Stephen Hawking
982,A wise man will make more opportunities than he finds.,"Francis Bacon,"
983,Honesty is the first chapter of the book wisdom.,Thomas Jefferson
984,"Whenever I hear anyone arguing for slavery, I feel a strong impulse to see it tried on him personally.",Abraham Lincoln
985,Half of seeming clever is keeping your mouth shut at the right times.,"Patrick Rothfuss,"
986,"The public have an insatiable curiosity to know everything, except what is worth knowing.","Oscar Wilde,"
987,Time is a game played beautifully by children.,"Heraclitus,"
988,"If we encounter a man of rare intellect, we should ask him what books he reads.",Ralph Waldo Emerson
989,The essence of being human is that one does not seek perfection.,"George Orwell,"
990,Suffering is a gift. In it is hidden mercy.,Jalaluddin Rumi
991,"Wise? No, I simply learned to think.","Christopher Paolini,"
992,He that breaks a thing to find out what it is has left the path of wisdom.,"J.R.R. Tolkien,"
993,We must live together as brothers or perish together as fools.,Martin Luther King Jr.
994,"It's not what you say out of your mouth that determines your life, it's what you whisper to yourself that has the most power!",Robert T. Kiyosaki
995,I AM IGNORANT of absolute truth. But I am humble before my ignorance and therein lies my honor and my reward.,Kahlil Gibran
996,"People who know little are usually great talkers, while men who know much say little.",Jean-Jacques Rousseau
997,As if you could kill time without injuring eternity.,"Henry David Thoreau,"
998,The soul becomes dyed with the colour of its thoughts.,"Marcus Aurelius,"
999,Wisdom is not a product of schooling but of the lifelong attempt to acquire it.,Albert Einstein
1000,"I felt like an animal, and animals dont know sin, do they?","Jess C. Scott,"
1001,Recognizing power in another does not diminish your own.,Joss Whedon
1002,No man is poor who has a Godly mother.,Abraham Lincoln
1003,The stupid neither forgive nor forget; the naive forgive and forget; the wise forgive but do not forget.,Thomas Szasz
1004,"Sometimes it's not enough to know what things mean, sometimes you have to know what things don't mean.",Bob Dylan
1005,"Take it moment by moment, and you will find that we are all, as Ive said before, bugs in amber.",Kurt Vonnegut Jr.
1006,"Into the darkness they go, the wise and the lovely.",Edna St. Vincent Millay
1007,"No, that is the great fallacy: the wisdom of old men. They do not grow wise. They grow careful.","Ernest Hemingway,"
1008,A wise man gets more use from his enemies than a fool from his friends.,"Baltasar Gracin,"
1009,The art of being wise is knowing what to overlook.,William James
1010,"But magic is neither good nor evil. It is a tool, like a knife. Is a knife evil? Only if the wielder is evil.","Rick Riordan,"
1011,wisdom comes to us when it can no longer do any good.,"Gabriel Garca Mrquez,"
1012,There are no ordinary moments.,"Dan Millman,"
1013,Lost Time is never found again.,"Benjamin Franklin,"
1014,You will not be punished for your anger; you will be punished by your anger.,Gautama Buddha
1015,"Knowledge comes, but wisdom lingers.",Alfred Tennyson
1016,"Mama used to say, you have to know someone a thousand days before you can glimpse her soul.","Shannon Hale,"
1017,"Prediction is very difficult, especially about the future.",Niels Bohr
1018,Perhaps the logical conclusion of everyone looking the same is everyone thinking the same.,"Scott Westerfeld,"
1019,It is strange how often a heart must be broken Before the years can make it wise.,"Sara Teasdale,"
1020,"Madame, all stories, if continued far enough, end in death, and he is no true-story teller who would keep that from you.",Ernest Hemingway
1021,"We should forgive our enemies, but not before they are hanged",Heinrich Heine
1022,I used to think the worst thing in life is to end up all alone. It's not. The worst thing in life is to end up with people who make you feel all alone.,Robin Williams
1023,"There is a wisdom of the head, and... there is a wisdom of the heart.","Charles Dickens,"
1024,It doesn't matter where you are coming from. All that matters is where you are going.,Brian Tracy
1025,Wisely and slow; they stumble that run fast.,"William Shakespeare,"
1026,Wisdom is having things right in your lifeand knowing why.,William Stafford
1027,"As a well spent day brings happy sleep, so life well used brings happy death.",Leonardo da Vinci
1028,The way out is through the door. Why is it that no one will use this method?,Confucius
1029,Obscurity and a competencethat is the life that is best worth living.,"Mark Twain,"
1030,"No one cares how much you know, until they know how much you care",Theodore Roosevelt
1031,Only the wisest and stupidest of men never change.,Confucius
1032,My soul is in the sky.,"William Shakespeare,"
1033,"When you make a choice, you change the future.",Deepak Chopra
1034,Hate is... It's too easy. Love. Love takes courage.,"Hannah Harrington,"
1035,"And now these three remain: faith, hope and love. But the greatest of these is love.","Anonymous,"
1036,The first duty of a man is to think for himself,Jos Mart
1037,How far would you go to keep the hope of love alive?,"Nicholas Sparks,"
1038,It's the children the world almost breaks who grow up to save it.,Frank Warren
1039,"It is not despair, for despair is only for those who see the end beyond all doubt. We do not.","J.R.R. Tolkien,"
1040,At what point do you give up - decide enough is enough? There is only one answer really. Never.,"Tabitha Suzuma,"
1041,"We need hope, or else we cannot endure.","Sarah J. Maas,"
1042,"As long as the suns shining, shit cant be that bad.","J. Lynn,"
1043,Hope in reality is the worst of all evils because it prolongs the torments of man.,Friedrich Nietzsche
1044,"The Revolution introduced me to art, and in turn, art introduced me to the Revolution!",Albert Einstein
1045,"Hope itself is like a star- not to be seen in the sunshine of prosperity, and only to be discovered in the night of adversity.",Charles Haddon Spurgeon
1046,"Come friends, it's not too late to seek a newer world.",Alfred Tennyson
1047,Everything that is done in this world is done by hope.,Martin Luther
1048,Faith goes up the stairs that love has built and looks out the windows which hope has opened.,Charles Haddon Spurgeon
1049,"Keep a little fire burning; however small, however hidden.","Cormac McCarthy,"
1050,My hope still is to leave the world a bit better than when I got here.,Jim Henson
1051,The past is made out of facts... I guess the future is just hope.,"Isaac Marion,"
1052,"To wish was to hope, and to hope was to expect","Jane Austen,"
1053,"While there's life, there's hope.",Marcus Tullius Cicero
1054,"If winter comes, can spring be far behind?","Percy Bysshe Shelley,"
1055,A man devoid of hope and conscious of being so has ceased to belong to the future.,"Albert Camus,"
1056,Hope is a verb with its shirtsleeves rolled up.,David Orr
1057,Hope is a force of nature. Don't let anyone tell you different.,"Jim Butcher,"
1058,"Me and you, we got more yesterday than anybody. We need some kind of tomorrow.","Toni Morrison,"
1059,"The future is uncertain, but that can be a good thing.","Jennifer Niven,"
1060,"Everything is relative in this world, where change alone endures.",Leon Trotsky
1061,"Farewell Hope, and with Hope farewell Fear",John Milton
